role,skills
Data Scientist,"Python, SQL, ML, Data Analysis, Statistics, Mathematics"
DevOps Engineer,"AWS, Docker, K8s, CI/CD, Python, Cloud, Automation, Linux"
Backend Developer,"Java, Python, SQL, APIs, Cloud, System Design, Node.js"
Frontend Developer,"JavaScript, React, CSS, HTML, Web Design, TypeScript"
Cloud Architect,"AWS, Cloud, Automation, K8s, Architecture, Docker, Azure, Security"
Machine Learning Engineer,"Python, ML, TensorFlow, PyTorch, SQL, Data Structures"
Full Stack Developer,"JavaScript, React, Node.js, HTML, CSS, SQL, APIs, Python"
System Administrator,"Linux, Networking, Automation, Bash, Security, Cloud"
Database Administrator,"SQL, PostgreSQL, MySQL, Database Design, Optimization"
Mobile App Developer,"Swift, Kotlin, Java, React Native, UI/UX, Mobile APIs"
